-- phpMyAdmin SQL Dump
-- version 4.9.2
-- https://www.phpmyadmin.net/
--
-- Host: 127.0.0.1
-- Generation Time: Jan 18, 2020 at 10:55 AM
-- Server version: 10.4.11-MariaDB
-- PHP Version: 7.4.1

SET SQL_MODE = "NO_AUTO_VALUE_ON_ZERO";
SET AUTOCOMMIT = 0;
START TRANSACTION;
SET time_zone = "+00:00";


/*!40101 SET @OLD_CHARACTER_SET_CLIENT=@@CHARACTER_SET_CLIENT */;
/*!40101 SET @OLD_CHARACTER_SET_RESULTS=@@CHARACTER_SET_RESULTS */;
/*!40101 SET @OLD_COLLATION_CONNECTION=@@COLLATION_CONNECTION */;
/*!40101 SET NAMES utf8mb4 */;

--
-- Database: `expense_manager`
--

-- --------------------------------------------------------

--
-- Table structure for table `categories`
--

CREATE TABLE `categories` (
  `id` bigint(20) UNSIGNED NOT NULL,
  `name` text COLLATE utf8mb4_unicode_ci NOT NULL,
  `icon` text COLLATE utf8mb4_unicode_ci NOT NULL,
  `color` text COLLATE utf8mb4_unicode_ci NOT NULL,
  `created_at` timestamp NULL DEFAULT NULL,
  `updated_at` timestamp NULL DEFAULT NULL,
  `deleted_at` timestamp NULL DEFAULT NULL
) ENGINE=InnoDB DEFAULT CHARSET=utf8mb4 COLLATE=utf8mb4_unicode_ci;

--
-- Dumping data for table `categories`
--

INSERT INTO `categories` (`id`, `name`, `icon`, `color`, `created_at`, `updated_at`, `deleted_at`) VALUES
(1, 'Food', '', '', NULL, '2020-01-17 23:05:55', NULL),
(2, 'Transportation', '', '', NULL, '2020-01-17 23:00:06', NULL);

-- --------------------------------------------------------

--
-- Table structure for table `expenses`
--

CREATE TABLE `expenses` (
  `id` bigint(20) UNSIGNED NOT NULL,
  `category_id` int(11) NOT NULL,
  `user_id` int(11) NOT NULL,
  `description` text COLLATE utf8mb4_unicode_ci NOT NULL,
  `amount` double NOT NULL DEFAULT 0,
  `created_at` timestamp NULL DEFAULT NULL,
  `updated_at` timestamp NULL DEFAULT NULL,
  `deleted_at` timestamp NULL DEFAULT NULL
) ENGINE=InnoDB DEFAULT CHARSET=utf8mb4 COLLATE=utf8mb4_unicode_ci;

--
-- Dumping data for table `expenses`
--

INSERT INTO `expenses` (`id`, `category_id`, `user_id`, `description`, `amount`, `created_at`, `updated_at`, `deleted_at`) VALUES
(1, 1, 1, 'Mcdonalds with friends', 55.99, '2020-01-16 16:00:00', '2020-01-16 16:00:00', NULL),
(2, 1, 1, 'kfc', 44, '2020-01-16 16:00:00', '2020-01-16 16:00:00', NULL);

-- --------------------------------------------------------

--
-- Table structure for table `failed_jobs`
--

CREATE TABLE `failed_jobs` (
  `id` bigint(20) UNSIGNED NOT NULL,
  `connection` text COLLATE utf8mb4_unicode_ci NOT NULL,
  `queue` text COLLATE utf8mb4_unicode_ci NOT NULL,
  `payload` longtext COLLATE utf8mb4_unicode_ci NOT NULL,
  `exception` longtext COLLATE utf8mb4_unicode_ci NOT NULL,
  `failed_at` timestamp NOT NULL DEFAULT current_timestamp()
) ENGINE=InnoDB DEFAULT CHARSET=utf8mb4 COLLATE=utf8mb4_unicode_ci;

-- --------------------------------------------------------

--
-- Table structure for table `migrations`
--

CREATE TABLE `migrations` (
  `id` int(10) UNSIGNED NOT NULL,
  `migration` varchar(255) COLLATE utf8mb4_unicode_ci NOT NULL,
  `batch` int(11) NOT NULL
) ENGINE=InnoDB DEFAULT CHARSET=utf8mb4 COLLATE=utf8mb4_unicode_ci;

--
-- Dumping data for table `migrations`
--

INSERT INTO `migrations` (`id`, `migration`, `batch`) VALUES
(1, '2014_10_12_000000_create_users_table', 1),
(2, '2014_10_12_100000_create_password_resets_table', 1),
(3, '2019_08_19_000000_create_failed_jobs_table', 1),
(4, '2016_06_01_000001_create_oauth_auth_codes_table', 2),
(5, '2016_06_01_000002_create_oauth_access_tokens_table', 2),
(6, '2016_06_01_000003_create_oauth_refresh_tokens_table', 2),
(7, '2016_06_01_000004_create_oauth_clients_table', 2),
(8, '2016_06_01_000005_create_oauth_personal_access_clients_table', 2),
(9, '2020_01_17_100713_create_expenses_table', 3),
(10, '2020_01_17_101036_create_categories_table', 4),
(11, '2020_01_18_064104_update_categories_table', 5),
(12, '2020_01_18_065101_update_expenses_table', 6),
(13, '2020_01_18_065143_update_users_table', 7);

-- --------------------------------------------------------

--
-- Table structure for table `oauth_access_tokens`
--

CREATE TABLE `oauth_access_tokens` (
  `id` varchar(100) COLLATE utf8mb4_unicode_ci NOT NULL,
  `user_id` bigint(20) DEFAULT NULL,
  `client_id` int(10) UNSIGNED NOT NULL,
  `name` varchar(255) COLLATE utf8mb4_unicode_ci DEFAULT NULL,
  `scopes` text COLLATE utf8mb4_unicode_ci DEFAULT NULL,
  `revoked` tinyint(1) NOT NULL,
  `created_at` timestamp NULL DEFAULT NULL,
  `updated_at` timestamp NULL DEFAULT NULL,
  `expires_at` datetime DEFAULT NULL
) ENGINE=InnoDB DEFAULT CHARSET=utf8mb4 COLLATE=utf8mb4_unicode_ci;

--
-- Dumping data for table `oauth_access_tokens`
--

INSERT INTO `oauth_access_tokens` (`id`, `user_id`, `client_id`, `name`, `scopes`, `revoked`, `created_at`, `updated_at`, `expires_at`) VALUES
('016f213d7527bc33454d78f7a1614fc4a5a6058a6906627c3a133bc53a5c46ffc6d063fa7aaa7a4f', 1, 2, NULL, '[]', 0, '2020-01-16 22:50:49', '2020-01-16 22:50:49', '2021-01-17 06:50:49'),
('0245e8581220da273326029298cf1dda4ec270da1a4aebc9e2a6a2f3368584ba80f79f478767e311', 1, 2, NULL, '[]', 0, '2020-01-17 21:31:15', '2020-01-17 21:31:15', '2021-01-18 05:31:15'),
('03dab9b6f212207819955dbab64f85317c1e4d60f9febcb0b52a77d8ad23469ad4b31671580912f9', 1, 2, NULL, '[]', 0, '2020-01-18 00:42:04', '2020-01-18 00:42:04', '2021-01-18 08:42:04'),
('098321678ff6aeb623067658d30acb5aabfda94564420795dac73ab76cfd74f1984c77aebfb481e3', 1, 2, NULL, '[]', 0, '2020-01-17 21:45:34', '2020-01-17 21:45:34', '2021-01-18 05:45:34'),
('0b368175222e4ccecbb46513f28f74e667621de8d293905d73f339f3d4b642855010dbd0e931d490', 1, 2, NULL, '[]', 0, '2020-01-17 21:31:45', '2020-01-17 21:31:45', '2021-01-18 05:31:45'),
('12b8d6eb72b334fa8029e7ef37a3eeba37eb15a05111715cf6b919592e0f520440316fcfbd086b0c', 1, 2, NULL, '[]', 0, '2020-01-18 00:21:08', '2020-01-18 00:21:08', '2021-01-18 08:21:08'),
('17a1fb03909bc4d8f629d9b7fbf00553ddd1a15745dc131d3818600f8b2289abd7e921f7b4efd8c2', 1, 2, NULL, '[]', 0, '2020-01-16 11:37:52', '2020-01-16 11:37:52', '2021-01-16 19:37:52'),
('180524f7152199243969e28048902779099085804b5b31833ee5857ca3540287688d7465a765c856', 1, 2, NULL, '[]', 0, '2020-01-18 00:28:23', '2020-01-18 00:28:23', '2021-01-18 08:28:23'),
('1ecd23352d43164056d5496197fe2312ee14b01395cd35646cfcb35a5b7d261f34b49271e33b1b3a', 1, 2, NULL, '[]', 0, '2020-01-17 01:55:50', '2020-01-17 01:55:50', '2021-01-17 09:55:50'),
('21edfb74efa3414cee6b547a78a3d86262ceadc7ba9f655255448eaa3340fe22e40921fb7bb0523b', 1, 2, NULL, '[]', 0, '2020-01-18 00:48:12', '2020-01-18 00:48:12', '2021-01-18 08:48:12'),
('23b8352af825e4fdebec7bc5f3d27a164df1c06b74052efb0b6bd94737fc03f47c55bd5935a95e07', 1, 2, NULL, '[]', 0, '2020-01-16 20:38:36', '2020-01-16 20:38:36', '2021-01-17 04:38:36'),
('254d3673d39b7ee3a613793baffbb17c73f230ddcadcd16dd177a51c2c1cb9706536947a7095c229', 1, 2, NULL, '[]', 0, '2020-01-16 23:33:02', '2020-01-16 23:33:02', '2021-01-17 07:33:02'),
('28040a60f6d2c7ef46da563c0cb207ff1729382868684bcd6a862f48727c930cb2354bf3e52b7e12', 1, 2, NULL, '[]', 0, '2020-01-17 21:56:52', '2020-01-17 21:56:52', '2021-01-18 05:56:52'),
('2b3315e143c850a8e63dd9504527fe19aaf8014c189609ca32d61ca55170d624b1203983c42e1196', 1, 2, NULL, '[]', 0, '2020-01-17 04:18:13', '2020-01-17 04:18:13', '2021-01-17 12:18:13'),
('2b7aeaf1e6a75f1813e85edf1bdfd2f651d36112c0d90f166cd57f7e2e018d6bf3277663f7b6e078', 1, 2, NULL, '[]', 0, '2020-01-18 00:17:15', '2020-01-18 00:17:15', '2021-01-18 08:17:15'),
('2c68c9dbe690cc4651d57e1333117806e9f5744d7e6f6c09d6b191f2ef10f088865852668848c5af', 1, 2, NULL, '[]', 0, '2020-01-17 21:50:59', '2020-01-17 21:50:59', '2021-01-18 05:50:59'),
('2d179f9d909ed720baf350ca6e6f935e20d6ee2361d98c3fc19e9cadd45d35b0e3278013aa008c49', 1, 2, NULL, '[]', 0, '2020-01-16 11:22:21', '2020-01-16 11:22:21', '2021-01-16 19:22:21'),
('2d26db7a05c468883941899add4485b29e1d4ec6f4f5bb8412c4ba685d2577e5fd94715a560d83b6', 1, 2, NULL, '[]', 0, '2020-01-16 10:58:31', '2020-01-16 10:58:31', '2021-01-16 18:58:31'),
('2d6586924ddf8e580e7e171eb5a6224fa78a4ac196239aa9d1d08db1035026de6ce2ccd118910b79', 1, 2, NULL, '[]', 0, '2020-01-17 04:38:59', '2020-01-17 04:38:59', '2021-01-17 12:38:59'),
('2eb40f9ebaed5bc82ee7b295df1485eed54869a7f7731caa1e6cd5fd9ddb484e382a664994d78950', 1, 2, NULL, '[]', 0, '2020-01-18 00:57:56', '2020-01-18 00:57:56', '2021-01-18 08:57:56'),
('31466d10b761e963a27186caab0c7fe1b63731c63e3e89c701413992bbab662e3cb19cbeefa48a57', 1, 2, NULL, '[]', 0, '2020-01-16 11:27:24', '2020-01-16 11:27:24', '2021-01-16 19:27:24'),
('31edc5a54b50b759adf1270e8a22e53b8578731e6b8a2631de351855709f104dd902d71b87a329c3', 1, 2, NULL, '[]', 0, '2020-01-16 10:58:44', '2020-01-16 10:58:44', '2021-01-16 18:58:44'),
('35b9be09c53e1571739b5cd7006234f9da3c05c6bde08405ae31983382104a55046d0d8c14bcc8e3', 1, 2, NULL, '[]', 0, '2020-01-17 21:40:17', '2020-01-17 21:40:17', '2021-01-18 05:40:17'),
('36e8793d153cdb74c686d85c9b442597facac9f392cf1a8ce02e42f4d4a327fb28d0201b05aab2e9', 1, 2, NULL, '[]', 0, '2020-01-17 21:37:23', '2020-01-17 21:37:23', '2021-01-18 05:37:23'),
('37f7568aed065345e5591af532dc0e8140f9af5f3230e7db37165c20caa3c1e7cfc5b99583c9c3fe', 1, 2, NULL, '[]', 0, '2020-01-17 21:59:14', '2020-01-17 21:59:14', '2021-01-18 05:59:14'),
('381ba5555d75b37ce8f7031f0d1fe7d4540f83f88303c9dbc46046d4e45602bad7679780c1090640', 1, 2, NULL, '[]', 0, '2020-01-18 00:35:53', '2020-01-18 00:35:53', '2021-01-18 08:35:53'),
('3895856ded31e5678a2278c53d38859eb050c26f6a62544f18e9b9843aa725e5577d3fe3f01e79e2', 1, 2, NULL, '[]', 0, '2020-01-18 01:01:25', '2020-01-18 01:01:25', '2021-01-18 09:01:25'),
('38f6c98ee90d096547afce982406fc35f6d324958ed4db24795159e83dfd3f1c115dca10acdb9b81', 1, 2, NULL, '[]', 0, '2020-01-17 21:50:33', '2020-01-17 21:50:33', '2021-01-18 05:50:33'),
('3be9ebe2b55e8ba9e80fbfcb1b585ce5b1e1c9d1a7d898832246ec790d814a4059e84ac4627b455b', 1, 2, NULL, '[]', 0, '2020-01-17 08:42:23', '2020-01-17 08:42:23', '2021-01-17 16:42:23'),
('3d21ed90217c640c175bc3bdd98459a638c7efc602c3fee6e2f48d59d230396232271d425891aeb9', 1, 2, NULL, '[]', 0, '2020-01-17 08:36:38', '2020-01-17 08:36:38', '2021-01-17 16:36:38'),
('3e01a970613d9ee26fcf4497639386783a50f7cae92734d43cf3d45917566fe1a13e50ab4685903d', 1, 2, NULL, '[]', 0, '2020-01-18 00:37:55', '2020-01-18 00:37:55', '2021-01-18 08:37:55'),
('3ea4dce7502340e3a55ff100b1c5bac263b8475bbf2a437ea457dd2535736811666b17733a76df7d', 1, 2, NULL, '[]', 0, '2020-01-17 04:12:55', '2020-01-17 04:12:55', '2021-01-17 12:12:55'),
('413f77dc5ecc924ad575aae16b728c6d14a752fd0462505ed2c400aaa5fa606ddb1814320ab0dd8e', 1, 2, NULL, '[]', 0, '2020-01-17 21:41:13', '2020-01-17 21:41:13', '2021-01-18 05:41:13'),
('4313f3d315ab5ae0d1d2792e2b6176f06267469ef3a6e62fb63f6180761b179525840440e7b4c48c', 1, 2, NULL, '[]', 0, '2020-01-17 20:54:09', '2020-01-17 20:54:09', '2021-01-18 04:54:09'),
('44eb50da56afe579ad6e4bee2345ac880279b5c94adc6341f7b423fe0710fdad1f7390f7d3a1f5cb', 1, 2, NULL, '[]', 0, '2020-01-16 21:00:01', '2020-01-16 21:00:01', '2021-01-17 05:00:01'),
('490e7c197b980bf48a991e5f9ad782b9269f0dfa124c9192947bb6b21989d8621ee4d2b85b13d520', 1, 2, NULL, '[]', 0, '2020-01-18 00:19:14', '2020-01-18 00:19:14', '2021-01-18 08:19:14'),
('4bdcfa77a684367c608b2e4ce392cc10a785a46670e0faaa533e066bbedc92941d45deed620a31a7', 1, 2, NULL, '[]', 0, '2020-01-18 00:34:53', '2020-01-18 00:34:53', '2021-01-18 08:34:53'),
('4f92f461a850a70ddd19ef2f17216dda532c750b3dc926ee76013e060226d42bf387a9e8bb66fbc5', 1, 2, NULL, '[]', 0, '2020-01-17 21:44:44', '2020-01-17 21:44:44', '2021-01-18 05:44:44'),
('50c92b045790010bc114c9e11fd8b524278b8754d1054d4559633274a208ee07a8f18a5c87e9a1bc', 1, 2, NULL, '[]', 0, '2020-01-17 04:05:36', '2020-01-17 04:05:36', '2021-01-17 12:05:36'),
('5139495de248d4df3343b164efcbbdecece1d40a4cd04af0ad456fe0fda5fa6d88287cb891a179a7', 1, 2, NULL, '[]', 0, '2020-01-18 00:30:00', '2020-01-18 00:30:00', '2021-01-18 08:30:00'),
('525df600b59436ad36ac0e24745c3391f5673905a02023d2618b8d4d7c120dac871a48b5f9faa387', 1, 2, NULL, '[]', 0, '2020-01-17 04:04:47', '2020-01-17 04:04:47', '2021-01-17 12:04:47'),
('5781db481d8605aec7c9ed13b33a336573b37decb2b23814c240a008ae0808a4b1eb0d25a678d027', 1, 2, NULL, '[]', 0, '2020-01-16 23:35:36', '2020-01-16 23:35:36', '2021-01-17 07:35:36'),
('585328b355c949d4f6f061ca58b2acd10ba1a2d317904eb09e9cd71d815db3dffa2b8342d80caaa9', 1, 2, NULL, '[]', 0, '2020-01-17 03:11:42', '2020-01-17 03:11:42', '2021-01-17 11:11:42'),
('59c8b67b32805c2b130ef140082bc43adf7560393720a8a674e6f07a841868ec2d1845a849e3ed08', 1, 2, NULL, '[]', 0, '2020-01-18 00:20:30', '2020-01-18 00:20:30', '2021-01-18 08:20:30'),
('5a0e43ce33882254a949a963fa042f43881b503e1c6110dd16cae8584b405b4c3ad371cacc2bb5de', 1, 2, NULL, '[]', 0, '2020-01-17 21:55:01', '2020-01-17 21:55:01', '2021-01-18 05:55:01'),
('5a1f034a01d275763796b3556abdbbbcb749e8a35a907847cee15519c0a8552520397d15c3c7fe52', 1, 2, NULL, '[]', 0, '2020-01-18 00:56:16', '2020-01-18 00:56:16', '2021-01-18 08:56:16'),
('5a279d72ebaf5df4fa83cc13e17fd624872b12670e0811ab42d933694e3a38e5dbbd2ae200a40303', 1, 2, NULL, '[]', 0, '2020-01-16 23:59:11', '2020-01-16 23:59:11', '2021-01-17 07:59:11'),
('5b196b70f0c4a05873fb9a65c12ff7c9499d084fee70d521f6aa0f61b6aaf36c9b79612e63bcd670', 1, 2, NULL, '[]', 0, '2020-01-17 03:59:45', '2020-01-17 03:59:45', '2021-01-17 11:59:45'),
('5c4ed6481c5cc5ad586a957c9c7b0fa4a95c8871e088afc38b2f15369b88dfb5ba0dbfbd647e215d', 1, 2, NULL, '[]', 0, '2020-01-16 23:36:29', '2020-01-16 23:36:29', '2021-01-17 07:36:29'),
('61855f912d85c4900a91b076f7169bad2b7139939610298fe3712be12905c076f801419a6fd788d1', 1, 2, NULL, '[]', 0, '2020-01-17 02:44:12', '2020-01-17 02:44:12', '2021-01-17 10:44:12'),
('67937b5d00db361a0ba8996868142a3343205eb39c9492bb16d550c091d5bbfaa93c240916516908', 1, 2, NULL, '[]', 0, '2020-01-17 04:09:45', '2020-01-17 04:09:45', '2021-01-17 12:09:45'),
('69cb1ae7fd36091debc949cfa83327ce8c81a43cb8ce5c0bed0de7f258e5522bc64f13c51e8bc7c1', 1, 2, NULL, '[]', 0, '2020-01-17 03:08:15', '2020-01-17 03:08:15', '2021-01-17 11:08:15'),
('6e29be38605118439fa950f7751a5feae3d2a8c701ec40046a9acf7291c26ac4052a422c9847ba01', 1, 2, NULL, '[]', 0, '2020-01-17 21:41:50', '2020-01-17 21:41:50', '2021-01-18 05:41:50'),
('73bb2f08854c91c488821563a708d5dbd7d221c951917314c31d2c0a36568bc0610585042683f840', 1, 2, NULL, '[]', 0, '2020-01-18 01:05:35', '2020-01-18 01:05:35', '2021-01-18 09:05:35'),
('759bae95d23a764e7f36d2228b10cb8d65e149057d879344efd31f19b26cbcdad3350067a466bd89', 1, 2, NULL, '[]', 0, '2020-01-18 00:57:43', '2020-01-18 00:57:43', '2021-01-18 08:57:43'),
('76482418554b383169dd5ea4cf6b9a03a0c6c07b460eb54ea73d6d397b074bf25dc83346265111b3', 1, 2, NULL, '[]', 0, '2020-01-16 11:29:55', '2020-01-16 11:29:55', '2021-01-16 19:29:55'),
('77b34f1c3e3e0fc7ab19591d3955b277c6c76d56cc5562ffa08257148e3067555d22a2fd8e70bdcb', 1, 2, NULL, '[]', 0, '2020-01-18 00:33:50', '2020-01-18 00:33:50', '2021-01-18 08:33:50'),
('7840e4247c6badbb018531775e3497037ed1aa958852326dffe390ad75b2a4862f35c10bd23d003f', 1, 2, NULL, '[]', 0, '2020-01-18 00:33:14', '2020-01-18 00:33:14', '2021-01-18 08:33:14'),
('7aa49bf7bbac41826d4ebf634f0d42d0044cdff2eccd762ea4d415ac95f81dd5f42811e4794bf0e6', 1, 2, NULL, '[]', 0, '2020-01-18 01:50:34', '2020-01-18 01:50:34', '2021-01-18 09:50:34'),
('7d538502c1e4d7881eb2aa13d9c3d799ce72df697a69c9c6bedbe3bbb091c0fe6bce689767c72064', 1, 2, NULL, '[]', 0, '2020-01-17 21:59:54', '2020-01-17 21:59:54', '2021-01-18 05:59:54'),
('81c3673fcd4470887eed2526a8c6c77d812cd319a0251edeaf9bb88b51a4bef9b0383b588bd325a9', 1, 2, NULL, '[]', 0, '2020-01-18 00:39:09', '2020-01-18 00:39:09', '2021-01-18 08:39:09'),
('88948b7d5345f0573b4cd6f344c6c01a4b26ab1292153efc029d315c2db8b61f8a8e9271d4014db6', 1, 2, NULL, '[]', 0, '2020-01-17 04:30:27', '2020-01-17 04:30:27', '2021-01-17 12:30:27'),
('88a991e320af981ab73eee75e1acc250107ca8f38f44a4b838bdb8aa301d7693133591fece8e35cc', 1, 2, NULL, '[]', 0, '2020-01-17 04:02:20', '2020-01-17 04:02:20', '2021-01-17 12:02:20'),
('8a162942961c4e2d07e856d93a030c84e8ea049be9ab6d4d1b302fc398cc51cbc08b900aa756c071', 1, 2, NULL, '[]', 0, '2020-01-17 07:36:49', '2020-01-17 07:36:49', '2021-01-17 15:36:49'),
('8ceb5acdad785a2eacd3e5f46969fd7da1f2d4bbd701954c1f233be5afa951958c540aed24609403', 1, 2, NULL, '[]', 0, '2020-01-17 19:02:51', '2020-01-17 19:02:51', '2021-01-18 03:02:51'),
('8e5824547ec559e71cf5eda29aa6a54e280ee5da8c3fcb5a750e393bad3882ca6234f720f35d8c30', 1, 2, NULL, '[]', 0, '2020-01-17 04:02:54', '2020-01-17 04:02:54', '2021-01-17 12:02:54'),
('8f796c487c7d9d863c03cbd30ebc654dab8e64e3f80337ca48b9c5b1dc0e1003a8eb32678a9ca24b', 15, 2, NULL, '[]', 0, '2020-01-17 23:19:22', '2020-01-17 23:19:22', '2021-01-18 07:19:22'),
('9000fbd9a0cb42f00442e98638296b982f237401008d29a9edf16247c8e96a1fc9be2799baca4580', 1, 2, NULL, '[]', 0, '2020-01-17 04:36:08', '2020-01-17 04:36:08', '2021-01-17 12:36:08'),
('9041c145125a451d98935ec2cdd9ba651f04893f8f71a2c424fed880738cc07229176e708e2cd1d1', 1, 2, NULL, '[]', 0, '2020-01-18 01:03:54', '2020-01-18 01:03:54', '2021-01-18 09:03:54'),
('9148e088c4e5a2a3cd34508cee6c3cadc9a2781324c1d10ecb115716802d8e1a1d57f9c8aa371ff5', 1, 2, NULL, '[]', 0, '2020-01-17 23:16:59', '2020-01-17 23:16:59', '2021-01-18 07:16:59'),
('94602776eba2cd0876d04fcb31fa4e8c9705ad39a8500d460c98fa433d9a5471eb3c980ba4d541c4', 1, 2, NULL, '[]', 0, '2020-01-16 23:35:56', '2020-01-16 23:35:56', '2021-01-17 07:35:56'),
('95fdc686544182661cd827a330c432840737f79197773cf11425890753936fbe45651bc3839c9180', 1, 2, NULL, '[]', 0, '2020-01-18 00:18:04', '2020-01-18 00:18:04', '2021-01-18 08:18:04'),
('97aeae8561bf2b668ccc602eedbbd5b2c9816b1b63e55945b4fcba0727f0b549e5d6cc70eae87040', 1, 2, NULL, '[]', 0, '2020-01-17 21:46:55', '2020-01-17 21:46:55', '2021-01-18 05:46:55'),
('9cd4956a7a02b769ae13a4751311fdde7f565b7b2fb9e85f280c229b5f7b58205fc7074e0798cea2', 1, 2, NULL, '[]', 0, '2020-01-16 23:41:33', '2020-01-16 23:41:33', '2021-01-17 07:41:33'),
('9f00f2fb87b52448c2593d7db58359f467f9c431b6d7d5082fc4f1fc779d56461f44442be74885bd', 15, 2, NULL, '[]', 0, '2020-01-17 23:19:24', '2020-01-17 23:19:24', '2021-01-18 07:19:24'),
('a3d280764eb0d5a21382c6c812110046c7cd9121bc2e36127ec076948b22659e1536381167f9fe23', 1, 2, NULL, '[]', 0, '2020-01-17 21:50:31', '2020-01-17 21:50:31', '2021-01-18 05:50:31'),
('a4caa59722e7c21c5ba9764205853b58fc7641bd5cb841a7ad0884cc5b854a99b8234329289d32c7', 1, 2, NULL, '[]', 0, '2020-01-16 23:32:07', '2020-01-16 23:32:07', '2021-01-17 07:32:07'),
('a4d516cfbdb949a30252e652ac393663a861fba017f684218b3c7aec33dca776fd526c79bb4df999', 1, 2, NULL, '[]', 0, '2020-01-16 11:25:27', '2020-01-16 11:25:27', '2021-01-16 19:25:27'),
('a5f2a465b85c882fd8c9658755b0cfafa71e16ca5d95de81bf1efb63b17580433bb2524749217622', 1, 2, NULL, '[]', 0, '2020-01-17 21:52:37', '2020-01-17 21:52:37', '2021-01-18 05:52:37'),
('a60d0843330b8fdfe9e8dfd294b7190abaf388954959f2fb13a8b08c095ba82a9fd3785ec1a07b2f', 1, 2, NULL, '[]', 0, '2020-01-18 00:24:00', '2020-01-18 00:24:00', '2021-01-18 08:24:00'),
('a849280cd5e842b1b134d80fc154ce3a9b3c5eee5e69a34bf6695ae5c67c2fdeeba2a37774a0ca42', 1, 2, NULL, '[]', 0, '2020-01-18 01:03:58', '2020-01-18 01:03:58', '2021-01-18 09:03:58'),
('a8abc4f82cf07c294fe3e04aa492c380bbcbf45bbcc701e34ea13609095b29d7e328d5223ce149bc', 1, 2, NULL, '[]', 0, '2020-01-16 23:41:50', '2020-01-16 23:41:50', '2021-01-17 07:41:50'),
('a9541a67fe7a68b1f6cc64dca067b6d6f2da873707cc9a98e03c4097e47838f7a2c8b4af90efcc46', 1, 2, NULL, '[]', 0, '2020-01-17 02:44:48', '2020-01-17 02:44:48', '2021-01-17 10:44:48'),
('a9f9bbd05cbae4f5593baa4c4f233d8d0ab2a425e9b08e8cc6a016dcd52a3b8629f37daef57348e2', 1, 2, NULL, '[]', 0, '2020-01-17 21:53:53', '2020-01-17 21:53:53', '2021-01-18 05:53:53'),
('ad8029492ee0f906628a90b3db682451155650c114dc045c4f883111edc4cfdfbc59e79f2b5b0e2c', 1, 2, NULL, '[]', 0, '2020-01-16 21:15:59', '2020-01-16 21:15:59', '2021-01-17 05:15:59'),
('b0aa3860a6ef6738b303eb1fda78138ddfcf05f713bff1e5cd8e83e2ce1fb7d761710ea1f7f5bc8a', 1, 2, NULL, '[]', 0, '2020-01-17 01:31:49', '2020-01-17 01:31:49', '2021-01-17 09:31:49'),
('b1c524ebb503f071b4275d93e83783398527c659ebdfed2b60aa06cf4fed8cc4447c991c2a87020f', 1, 2, NULL, '[]', 0, '2020-01-17 04:07:35', '2020-01-17 04:07:35', '2021-01-17 12:07:35'),
('b453bbb52ea6a0e80142cf97bef2d59912fd6f6bba378d55ae64d4c256b2a7962c9e7b3eea6ffc18', 1, 2, NULL, '[]', 0, '2020-01-16 23:43:51', '2020-01-16 23:43:51', '2021-01-17 07:43:51'),
('b45acd146cef1e6253197b8371874510a3694f9a0e9c4c6d10e71a94194ec4d7acd67522a70f7648', 1, 2, NULL, '[]', 0, '2020-01-18 00:16:43', '2020-01-18 00:16:43', '2021-01-18 08:16:43'),
('b6e34d7463165c158ee80e4c430f602cf2885d6b36b73a4ec4ef37c24dffed7eec647f1fb233f9ad', 1, 2, NULL, '[]', 0, '2020-01-16 23:34:50', '2020-01-16 23:34:50', '2021-01-17 07:34:50'),
('bb1da4ef674934ea85a7d52657cc2612a62130d45cfc813b7233ec42a40e1be9059ea59b8d64b81b', 1, 2, NULL, '[]', 0, '2020-01-16 11:24:25', '2020-01-16 11:24:25', '2021-01-16 19:24:25'),
('bc2942d50619cf66c862bc4575fae6da8320fcb82aec2d816b25ac93a04a69cc631237aa12d02c20', 1, 2, NULL, '[]', 0, '2020-01-17 04:27:46', '2020-01-17 04:27:46', '2021-01-17 12:27:46'),
('bc6254977cffd120f50730a9ad528ad9d950f207f45e7cf9da1e31fc248deaba0e0b7e8dc41dcaeb', 1, 2, NULL, '[]', 0, '2020-01-18 00:53:47', '2020-01-18 00:53:47', '2021-01-18 08:53:47'),
('c836dd53351197dee5791e0b879514eff86563f8a27c74a4d26308f417cc47858a88c9854d7dd006', 1, 2, NULL, '[]', 0, '2020-01-16 23:33:39', '2020-01-16 23:33:39', '2021-01-17 07:33:39'),
('c8e265f3f13cad8afe5bf362381408378979690f3c7d3206fbd44dd57aab3a1b5a0a544c47640384', 1, 2, NULL, '[]', 0, '2020-01-16 11:41:45', '2020-01-16 11:41:45', '2021-01-16 19:41:45'),
('c9ce544917d7a5f58d3ad0248bdc3dfdd1ad98b070c5e390b230e538a3a78146a28b327d6b87d145', 1, 2, NULL, '[]', 0, '2020-01-18 00:27:22', '2020-01-18 00:27:22', '2021-01-18 08:27:22'),
('ca4dd5198e6a5fe9a3d69b721269f2b1c36eaa6043a016861f43ea43f58237be647c8f12ae81359d', 1, 2, NULL, '[]', 0, '2020-01-18 00:42:20', '2020-01-18 00:42:20', '2021-01-18 08:42:20'),
('cbeaaaada95f414afe7be2f96527df70626af4e6bb7023c70e136802b782db3e09e723ab53b68947', 1, 2, NULL, '[]', 0, '2020-01-17 21:39:26', '2020-01-17 21:39:26', '2021-01-18 05:39:26'),
('ce54ae947f15c5650e6ad60eca4407aa7b3d1916f8af3d50ba13796c0fc1ab26ac71fc204befc012', 1, 2, NULL, '[]', 0, '2020-01-17 02:47:13', '2020-01-17 02:47:13', '2021-01-17 10:47:13'),
('d5c5d2082e409287465beff4ac98d3cea7fb30b579d769f228835461cfb5a28dd1f5f7f1c8159126', 1, 2, NULL, '[]', 0, '2020-01-17 04:33:07', '2020-01-17 04:33:07', '2021-01-17 12:33:07'),
('d8853ac587b743b8f5eb7e3a9cbd32553acc8e516614b3f19dc4c6b226a7c80c42bccfe402cdd45c', 1, 2, NULL, '[]', 0, '2020-01-16 23:44:30', '2020-01-16 23:44:30', '2021-01-17 07:44:30'),
('dccb75b8b4c43643c80ebbf8e3033d1373624648e89c1ce2bdd26a8294338b5f64a0868356cbeb6b', 1, 2, NULL, '[]', 0, '2020-01-18 01:04:06', '2020-01-18 01:04:06', '2021-01-18 09:04:06'),
('dd68cfdd09a5d5de43620e2ddc60df126283b2d01c88ed9c8d018b0cccb5589994695c7f32cdb501', 1, 2, NULL, '[]', 0, '2020-01-17 21:42:05', '2020-01-17 21:42:05', '2021-01-18 05:42:05'),
('e021c1c5b781c91b2d270e5b22c51d88be3f00d3e1d9093f2a8893c14f05af6d2de8e8c81723394d', 1, 2, NULL, '[]', 0, '2020-01-16 23:11:26', '2020-01-16 23:11:26', '2021-01-17 07:11:26'),
('e316f4e2483bcc990e664d71ca99ea2f63f4a36d163e1ee2646fb76b2488419089ed8c548ac2b60d', 1, 2, NULL, '[]', 0, '2020-01-17 21:46:00', '2020-01-17 21:46:00', '2021-01-18 05:46:00'),
('e3ae7b9b995a202f1be526c94f0701dc9838f1ae142fefc41f806a275b333c037653152d9af7c71d', 1, 2, NULL, '[]', 0, '2020-01-17 21:48:21', '2020-01-17 21:48:21', '2021-01-18 05:48:21'),
('e3ee6d578983a404e11e7304e08b5811a449c52a3b771eb11626426b008537a67963ecc23b72d617', 1, 2, NULL, '[]', 0, '2020-01-17 03:10:04', '2020-01-17 03:10:04', '2021-01-17 11:10:04'),
('e3f4e90e57bb37464e6044bb034da2b999e61a1e0d762edf91de0ffc45f68bd12146e464e53ef546', 1, 2, NULL, '[]', 0, '2020-01-18 00:28:59', '2020-01-18 00:28:59', '2021-01-18 08:28:59'),
('e4328729618a701ce95ec75c086feceec2cdfe4dfca21ceaff111097f198cbf67b6479919fc0a5d7', 1, 2, NULL, '[]', 0, '2020-01-17 04:18:41', '2020-01-17 04:18:41', '2021-01-17 12:18:41'),
('e5b129f8934c52448a4908cd1eab2bfb4b7121f00f0e74d4c065a3c3b0117cec9550148fbdaf7879', 1, 2, NULL, '[]', 0, '2020-01-17 03:09:08', '2020-01-17 03:09:08', '2021-01-17 11:09:08'),
('e6cadbf0aff20dbcbe18c41c79df7b3d60e32ca83f1bdce44c5cd3a96d704bcf5c5a81e10535e970', 1, 2, NULL, '[]', 0, '2020-01-18 00:35:24', '2020-01-18 00:35:24', '2021-01-18 08:35:24'),
('e7b7b8cd2b5e9ce0079e47e21f580a3abd1a92eaf016b57626aab7fa16a384e4dde06020c25466ab', 1, 2, NULL, '[]', 0, '2020-01-17 08:37:11', '2020-01-17 08:37:11', '2021-01-17 16:37:11'),
('e7be48a4943d4b1e7416d58d74f5161599c7e5d77b55d28bc8f050cb624ddc19d6be72b7cb3437a9', 1, 2, NULL, '[]', 0, '2020-01-17 21:47:45', '2020-01-17 21:47:45', '2021-01-18 05:47:45'),
('e955dc0fbafadde6e779a14a382e16eb2db16d42b139aa7fc66ced3be786378b887b16a3bb40330c', 1, 2, NULL, '[]', 0, '2020-01-18 01:13:00', '2020-01-18 01:13:00', '2021-01-18 09:13:00'),
('eb224ea4c644ffdad5155246229b258312bf15cfd28ec20ce7b506f5667f2f5c5affc5dae211ac75', 1, 2, NULL, '[]', 0, '2020-01-18 00:42:49', '2020-01-18 00:42:49', '2021-01-18 08:42:49'),
('eb80b0822f46a4e02f113da25f8d080bd789d9735daddd8342828df4d036127dabe94a304446f7ff', 1, 2, NULL, '[]', 0, '2020-01-17 04:03:34', '2020-01-17 04:03:34', '2021-01-17 12:03:34'),
('f1c7c9a877586c7a10ac928aaf6155a61840d639d2e5e1c44c4e6d182e6a149ad90238b63eba10b3', 1, 2, NULL, '[]', 0, '2020-01-16 11:28:06', '2020-01-16 11:28:06', '2021-01-16 19:28:06'),
('f236d5d9c1edf9cc5f6dddba84578042efaadee91027a554117945e86bc0b58030be638ca66fc53d', 1, 2, NULL, '[]', 0, '2020-01-17 21:27:42', '2020-01-17 21:27:42', '2021-01-18 05:27:42'),
('f7f776f67e25fdd52daffbcf11c3ca32bfdf46d9b51e93df75d23d8d0cc4caad9bbb34007a65d794', 1, 2, NULL, '[]', 0, '2020-01-18 01:05:46', '2020-01-18 01:05:46', '2021-01-18 09:05:46'),
('fac23777e05fe4c15842ed9393ca4db7dba937eed15ad39d0cbcfdcbfe274e0b9e956d653160a946', 1, 2, NULL, '[]', 0, '2020-01-18 01:00:14', '2020-01-18 01:00:14', '2021-01-18 09:00:14'),
('fb5fad9a2973ed4d4fb4e758f5ccd2ef13f50befc5ec048ed2c62300af0433041f8673e9b12c5102', 1, 2, NULL, '[]', 0, '2020-01-17 08:38:20', '2020-01-17 08:38:20', '2021-01-17 16:38:20'),
('ff76d3d13c01d6bde596e641a6a4ff9707a4b3b492af7c61d1c416b1f39aa78490875df6782a310b', 1, 2, NULL, '[]', 0, '2020-01-16 23:40:20', '2020-01-16 23:40:20', '2021-01-17 07:40:20');

-- --------------------------------------------------------

--
-- Table structure for table `oauth_auth_codes`
--

CREATE TABLE `oauth_auth_codes` (
  `id` varchar(100) COLLATE utf8mb4_unicode_ci NOT NULL,
  `user_id` bigint(20) NOT NULL,
  `client_id` int(10) UNSIGNED NOT NULL,
  `scopes` text COLLATE utf8mb4_unicode_ci DEFAULT NULL,
  `revoked` tinyint(1) NOT NULL,
  `expires_at` datetime DEFAULT NULL
) ENGINE=InnoDB DEFAULT CHARSET=utf8mb4 COLLATE=utf8mb4_unicode_ci;

-- --------------------------------------------------------

--
-- Table structure for table `oauth_clients`
--

CREATE TABLE `oauth_clients` (
  `id` int(10) UNSIGNED NOT NULL,
  `user_id` bigint(20) DEFAULT NULL,
  `name` varchar(255) COLLATE utf8mb4_unicode_ci NOT NULL,
  `secret` varchar(100) COLLATE utf8mb4_unicode_ci DEFAULT NULL,
  `redirect` text COLLATE utf8mb4_unicode_ci NOT NULL,
  `personal_access_client` tinyint(1) NOT NULL,
  `password_client` tinyint(1) NOT NULL,
  `revoked` tinyint(1) NOT NULL,
  `created_at` timestamp NULL DEFAULT NULL,
  `updated_at` timestamp NULL DEFAULT NULL
) ENGINE=InnoDB DEFAULT CHARSET=utf8mb4 COLLATE=utf8mb4_unicode_ci;

--
-- Dumping data for table `oauth_clients`
--

INSERT INTO `oauth_clients` (`id`, `user_id`, `name`, `secret`, `redirect`, `personal_access_client`, `password_client`, `revoked`, `created_at`, `updated_at`) VALUES
(1, NULL, 'Laravel Personal Access Client', 'Ej6Pl2F0puHIpDT3Qbz3ULyOCxOMiufkK7GIrv8A', 'http://localhost', 1, 0, 0, '2020-01-16 10:42:51', '2020-01-16 10:42:51'),
(2, NULL, 'Laravel Password Grant Client', 'ToL1q2em2SiDiGbsylMYte0fySweLaKzDD46rk9O', 'http://localhost', 0, 1, 0, '2020-01-16 10:42:51', '2020-01-16 10:42:51');

-- --------------------------------------------------------

--
-- Table structure for table `oauth_personal_access_clients`
--

CREATE TABLE `oauth_personal_access_clients` (
  `id` int(10) UNSIGNED NOT NULL,
  `client_id` int(10) UNSIGNED NOT NULL,
  `created_at` timestamp NULL DEFAULT NULL,
  `updated_at` timestamp NULL DEFAULT NULL
) ENGINE=InnoDB DEFAULT CHARSET=utf8mb4 COLLATE=utf8mb4_unicode_ci;

--
-- Dumping data for table `oauth_personal_access_clients`
--

INSERT INTO `oauth_personal_access_clients` (`id`, `client_id`, `created_at`, `updated_at`) VALUES
(1, 1, '2020-01-16 10:42:51', '2020-01-16 10:42:51');

-- --------------------------------------------------------

--
-- Table structure for table `oauth_refresh_tokens`
--

CREATE TABLE `oauth_refresh_tokens` (
  `id` varchar(100) COLLATE utf8mb4_unicode_ci NOT NULL,
  `access_token_id` varchar(100) COLLATE utf8mb4_unicode_ci NOT NULL,
  `revoked` tinyint(1) NOT NULL,
  `expires_at` datetime DEFAULT NULL
) ENGINE=InnoDB DEFAULT CHARSET=utf8mb4 COLLATE=utf8mb4_unicode_ci;

--
-- Dumping data for table `oauth_refresh_tokens`
--

INSERT INTO `oauth_refresh_tokens` (`id`, `access_token_id`, `revoked`, `expires_at`) VALUES
('007ec7a48a2d5cac54c90dbc8323b879aa0143fda1400a0c63281c0147f9c40c28d722a02eda0b94', '7840e4247c6badbb018531775e3497037ed1aa958852326dffe390ad75b2a4862f35c10bd23d003f', 0, '2021-01-18 08:33:14'),
('02ea6a6dd2c4d3c53bdd46aaabf439547bdc2265a0347dad5b2458f3d97202bae38deb6acf201386', '61855f912d85c4900a91b076f7169bad2b7139939610298fe3712be12905c076f801419a6fd788d1', 0, '2021-01-17 10:44:12'),
('05304f7e648fb27d1987ee0710a164a1392aada127a862e26cc6242d5e0a509bd285f39e5af19282', '77b34f1c3e3e0fc7ab19591d3955b277c6c76d56cc5562ffa08257148e3067555d22a2fd8e70bdcb', 0, '2021-01-18 08:33:51'),
('086a888e17957d6835730540309059f21121339f26048517d763528cb1b2563b0b8fd219a406be71', 'd5c5d2082e409287465beff4ac98d3cea7fb30b579d769f228835461cfb5a28dd1f5f7f1c8159126', 0, '2021-01-17 12:33:07'),
('0ccf3f995d9ccc46764de57703679c03e367a90d5eb7f4b93b1fa5225cb12963c851ca2f47b5a5e2', '44eb50da56afe579ad6e4bee2345ac880279b5c94adc6341f7b423fe0710fdad1f7390f7d3a1f5cb', 0, '2021-01-17 05:00:01'),
('12c9045e1f0d37ada04c5e01abce7a1bbd2c2477e846b1f562ca834cd35273267866856de5e18cba', '50c92b045790010bc114c9e11fd8b524278b8754d1054d4559633274a208ee07a8f18a5c87e9a1bc', 0, '2021-01-17 12:05:36'),
('12f2d5880e98a17c619f9c31212a563b66144084150712a4a1dae50ed18725274b5737274e3b4549', 'e7b7b8cd2b5e9ce0079e47e21f580a3abd1a92eaf016b57626aab7fa16a384e4dde06020c25466ab', 0, '2021-01-17 16:37:11'),
('147a3ba634d16b56f1e3cbb76ea247e7b3a7a19e3a58adb0da18a872aba29219e39de5de47d796ea', '35b9be09c53e1571739b5cd7006234f9da3c05c6bde08405ae31983382104a55046d0d8c14bcc8e3', 0, '2021-01-18 05:40:17'),
('15b82d1e0f52ad4a1d8850dd4149d38d6f670c3426dd8967f8808cb8d236d68fb53370f4f1825b8d', '97aeae8561bf2b668ccc602eedbbd5b2c9816b1b63e55945b4fcba0727f0b549e5d6cc70eae87040', 0, '2021-01-18 05:46:55'),
('15e955ce7998e47adba332ce1f2c564aaa1f0339f251693aa05b9dbe248fd8ff975a0be8a5608508', '5a279d72ebaf5df4fa83cc13e17fd624872b12670e0811ab42d933694e3a38e5dbbd2ae200a40303', 0, '2021-01-17 07:59:11'),
('1965a74e079890f5a16462522e51e4e6895776d72c60e82b95233251c430b992a66a3598bae92900', '180524f7152199243969e28048902779099085804b5b31833ee5857ca3540287688d7465a765c856', 0, '2021-01-18 08:28:23'),
('2122fd24aa2a25bb9476a7f072ce25737380e33324b8eeba9235598c391d7b3f6a6409f334b694bb', 'e3ae7b9b995a202f1be526c94f0701dc9838f1ae142fefc41f806a275b333c037653152d9af7c71d', 0, '2021-01-18 05:48:21'),
('232887d6bc7c14ad07718ed09e5b4bd15fef29620f7e9fc5c21f5c50b57598231488a3b0209d9a7c', '4313f3d315ab5ae0d1d2792e2b6176f06267469ef3a6e62fb63f6180761b179525840440e7b4c48c', 0, '2021-01-18 04:54:09'),
('2332fd5e5192dc147b935d6525d523e95670d8034668257bf970d0c41445e78fae796955f9dc59a4', '8e5824547ec559e71cf5eda29aa6a54e280ee5da8c3fcb5a750e393bad3882ca6234f720f35d8c30', 0, '2021-01-17 12:02:54'),
('236fa61b428de7bc290d35a14f7476a5cdd95eacbac9384c94e119a267acd1b1aa917545b44be545', 'b6e34d7463165c158ee80e4c430f602cf2885d6b36b73a4ec4ef37c24dffed7eec647f1fb233f9ad', 0, '2021-01-17 07:34:50'),
('254ffd586c6b035718f2c31546244a2b00c0568be086f20af0411817698244c2d6875a9198ead0ac', '8ceb5acdad785a2eacd3e5f46969fd7da1f2d4bbd701954c1f233be5afa951958c540aed24609403', 0, '2021-01-18 03:02:52'),
('267513895d2d0a5dc65b60dc5e39d4f393f3639d924b19e63199bcfd7ab0fe2da8b50fc6f1b6271a', '413f77dc5ecc924ad575aae16b728c6d14a752fd0462505ed2c400aaa5fa606ddb1814320ab0dd8e', 0, '2021-01-18 05:41:13'),
('2a8050b2125a3154d5dffa3c03e1781990963263dae2b2dab1b7db609844d21d04cc40242863e5e5', '36e8793d153cdb74c686d85c9b442597facac9f392cf1a8ce02e42f4d4a327fb28d0201b05aab2e9', 0, '2021-01-18 05:37:23'),
('2c0f3194feef8878b82ffae9a8931c0ea9d25e10c80f0042b6651e113af6fc10a7dd0e1992d405ff', '254d3673d39b7ee3a613793baffbb17c73f230ddcadcd16dd177a51c2c1cb9706536947a7095c229', 0, '2021-01-17 07:33:02'),
('2d65cf5c794e0488cd8f2ef0249b38bc8a885b73edbe2fc2d4733c1c0bd818725874e24dcdbd04a6', '31edc5a54b50b759adf1270e8a22e53b8578731e6b8a2631de351855709f104dd902d71b87a329c3', 0, '2021-01-16 18:58:44'),
('2e4e6bf8d4b52567f39903186ec01f768f685de1a86f205a80a2249562f0da83019282d2776dd2f9', '17a1fb03909bc4d8f629d9b7fbf00553ddd1a15745dc131d3818600f8b2289abd7e921f7b4efd8c2', 0, '2021-01-16 19:37:52'),
('307a17a73182a5ef958ccaa716e4c68ad2c039e655cbdd9e049b7b4666b1847641b4c0db34bfc21a', 'a60d0843330b8fdfe9e8dfd294b7190abaf388954959f2fb13a8b08c095ba82a9fd3785ec1a07b2f', 0, '2021-01-18 08:24:00'),
('307e011ab9ed3e29ed7dd082a782708e554e6adcd599ec605ca23ec310eceb13ebcd92f49ed0baf4', '4bdcfa77a684367c608b2e4ce392cc10a785a46670e0faaa533e066bbedc92941d45deed620a31a7', 0, '2021-01-18 08:34:53'),
('340cf3e647df1c8ce3571e590c2215742172da197008ee2b5fa02c7c44e7d37706dd4097269f2a6e', '9cd4956a7a02b769ae13a4751311fdde7f565b7b2fb9e85f280c229b5f7b58205fc7074e0798cea2', 0, '2021-01-17 07:41:33'),
('3454c8fa0af9bdd9a5930f94f9bff3742faf1c824e6675472d4bb0c562d3d347799e3fdc9f0e80ed', 'ad8029492ee0f906628a90b3db682451155650c114dc045c4f883111edc4cfdfbc59e79f2b5b0e2c', 0, '2021-01-17 05:15:59'),
('34881ffca172a5860443a96d39a1a9fe840b1f996eeb851194e32013d857db92c5071bd1527520a3', '5139495de248d4df3343b164efcbbdecece1d40a4cd04af0ad456fe0fda5fa6d88287cb891a179a7', 0, '2021-01-18 08:30:00'),
('368a25825bc7b5862da7d27a7bd80e958f25c4fe6aae0e3e2e7bb7a53fc029b0319029cc7669974f', 'ca4dd5198e6a5fe9a3d69b721269f2b1c36eaa6043a016861f43ea43f58237be647c8f12ae81359d', 0, '2021-01-18 08:42:20'),
('38a719d3f42fdd949cc98da2fd90ac29169f2c9f9482f936a5aa4c3460d3ad7ff8169a1b0aac2e34', 'e021c1c5b781c91b2d270e5b22c51d88be3f00d3e1d9093f2a8893c14f05af6d2de8e8c81723394d', 0, '2021-01-17 07:11:26'),
('39c1108e44dc0f0d4a1ea2f5afa513c0e02efacc8c92ce468b3a28edd90b2b50545a0f4da3d21d64', '9000fbd9a0cb42f00442e98638296b982f237401008d29a9edf16247c8e96a1fc9be2799baca4580', 0, '2021-01-17 12:36:08'),
('3debd99f2f2a1c2271c77f9e0cfe81064a757085397fa9274424b96ba16f3e47a97639a0303683c4', '9148e088c4e5a2a3cd34508cee6c3cadc9a2781324c1d10ecb115716802d8e1a1d57f9c8aa371ff5', 0, '2021-01-18 07:16:59'),
('3fd25a944ea427b22d6b2a0574cb77379bb93b0e430232899c3b164505c102aaa8ff9251afed1363', 'a3d280764eb0d5a21382c6c812110046c7cd9121bc2e36127ec076948b22659e1536381167f9fe23', 0, '2021-01-18 05:50:31'),
('40c64ef3c3bdc53005d30e4fe3c15b8540ceafc66476398aa7767c3caca5e34fabba9a4c215f9e70', 'c9ce544917d7a5f58d3ad0248bdc3dfdd1ad98b070c5e390b230e538a3a78146a28b327d6b87d145', 0, '2021-01-18 08:27:22'),
('43ac447b869c5ea8b19014f8f0c046b9de83c369c41cc211e03f65ecf0fbfe3686edbb1a71323ead', '381ba5555d75b37ce8f7031f0d1fe7d4540f83f88303c9dbc46046d4e45602bad7679780c1090640', 0, '2021-01-18 08:35:53'),
('4519159f3a38dc8ded9e52822eb70f08b74c59c1217b90e5bee25111f4499a7bcb06b3e4b469fdc1', 'c836dd53351197dee5791e0b879514eff86563f8a27c74a4d26308f417cc47858a88c9854d7dd006', 0, '2021-01-17 07:33:39'),
('45586f82d8a90f4d49a5a9e1ecab83a3d7a026cb8ddc1a59312f3567acd3891ca85cfe6b5b5486ec', 'b0aa3860a6ef6738b303eb1fda78138ddfcf05f713bff1e5cd8e83e2ce1fb7d761710ea1f7f5bc8a', 0, '2021-01-17 09:31:49'),
('4563fd5b6e180efd0fe310f4a675823678368c83a6897be683a67288fefeb027b96b9cc32a87df98', '59c8b67b32805c2b130ef140082bc43adf7560393720a8a674e6f07a841868ec2d1845a849e3ed08', 0, '2021-01-18 08:20:30'),
('49a8ea24760da03b596599a617792c68ae41826d5e6a63a88bb39e50c3ee042c10c48501527824d8', '490e7c197b980bf48a991e5f9ad782b9269f0dfa124c9192947bb6b21989d8621ee4d2b85b13d520', 0, '2021-01-18 08:19:14'),
('4d7ad0b2e20ce23923e0e5e8c7ed6c0cfc9adf2f73a05ee9731cc5665f637db6b598926a29d82820', 'ce54ae947f15c5650e6ad60eca4407aa7b3d1916f8af3d50ba13796c0fc1ab26ac71fc204befc012', 0, '2021-01-17 10:47:14'),
('50dd6fcae8dacc8885971048f709bdfee5a0ad7852396376a12173e468e5febc572a9cc309403db0', 'e3f4e90e57bb37464e6044bb034da2b999e61a1e0d762edf91de0ffc45f68bd12146e464e53ef546', 0, '2021-01-18 08:28:59'),
('57e1f1c26a3b17591ff67d20bfe321692bddbd6bb1cae3dc736557e23d070ace29e839111ebdd212', '098321678ff6aeb623067658d30acb5aabfda94564420795dac73ab76cfd74f1984c77aebfb481e3', 0, '2021-01-18 05:45:34'),
('58a93e6361300a302b31f7fac475f5dbd55cd403f00898515f726547bd05bc2360e411af97ac4201', 'e4328729618a701ce95ec75c086feceec2cdfe4dfca21ceaff111097f198cbf67b6479919fc0a5d7', 0, '2021-01-17 12:18:41'),
('599d8a7211c58667f4d3cf1b2477742b3a52274d227f8faca4c4950d1d5c85a976bc9a2f646e7671', '81c3673fcd4470887eed2526a8c6c77d812cd319a0251edeaf9bb88b51a4bef9b0383b588bd325a9', 0, '2021-01-18 08:39:10'),
('5d9696fa5bf6fe03790a16e56f8c8bc213c799576ddab8be9c14cbee34a62f680a8583633967a793', '759bae95d23a764e7f36d2228b10cb8d65e149057d879344efd31f19b26cbcdad3350067a466bd89', 0, '2021-01-18 08:57:43'),
('5e7d20d794b4991bfa373456a38bb5685ecb34f042f4d5756afbb6e41f75a2005d9fc63fb1a92531', 'eb80b0822f46a4e02f113da25f8d080bd789d9735daddd8342828df4d036127dabe94a304446f7ff', 0, '2021-01-17 12:03:34'),
('5edd424c8249700e5aabaf2ea65189221a97238ccacddb10f8a46941ffdd1ee827017c116914dd6f', '9f00f2fb87b52448c2593d7db58359f467f9c431b6d7d5082fc4f1fc779d56461f44442be74885bd', 0, '2021-01-18 07:19:24'),
('616d296ab033dc91e17ff6b503498ba5ededbaa4f32dc0c93b61bd2d5af4568d589ce384d0867eb4', '5b196b70f0c4a05873fb9a65c12ff7c9499d084fee70d521f6aa0f61b6aaf36c9b79612e63bcd670', 0, '2021-01-17 11:59:45'),
('6562497c2dcb661bf608f2311fbb5a5e2eebd360bbc0b4dc538a0ee3687ba94c54846a82f1e45842', '2eb40f9ebaed5bc82ee7b295df1485eed54869a7f7731caa1e6cd5fd9ddb484e382a664994d78950', 0, '2021-01-18 08:57:56'),
('65f33651849312c4f3b5e38bb80ac9c878f3e9abbc33252d34dc0c365d243535fbab3f219a0569b9', 'bc2942d50619cf66c862bc4575fae6da8320fcb82aec2d816b25ac93a04a69cc631237aa12d02c20', 0, '2021-01-17 12:27:46'),
('663b4ef145a6c8862107f0a60e8cb5f1736d6425edb075ec85ce45ce94999aebe4a5246ef76bd0ef', '12b8d6eb72b334fa8029e7ef37a3eeba37eb15a05111715cf6b919592e0f520440316fcfbd086b0c', 0, '2021-01-18 08:21:08'),
('6a546909c5db9919e6412a50bf85801cb6a13af61d3b1df731bd73fefdbbfcefba73c43bbc5397d2', 'dccb75b8b4c43643c80ebbf8e3033d1373624648e89c1ce2bdd26a8294338b5f64a0868356cbeb6b', 0, '2021-01-18 09:04:06'),
('6a724a3867ce6df448276fd8f723480d0fda2ae8dc4b85954ccb658413a6bf5a72b463212ef8b7fb', 'c8e265f3f13cad8afe5bf362381408378979690f3c7d3206fbd44dd57aab3a1b5a0a544c47640384', 0, '2021-01-16 19:41:45'),
('7375852ffce4ab9445c7405ce05b1dd531a34bd57700fe2ddc2a68f75c38ab0fb53fef049b1d5092', '2d179f9d909ed720baf350ca6e6f935e20d6ee2361d98c3fc19e9cadd45d35b0e3278013aa008c49', 0, '2021-01-16 19:22:21'),
('7661630fa6dab55e8b45da7d51a7e0de40283b0006983270120abfbbb5a58139e84c741492481875', 'a8abc4f82cf07c294fe3e04aa492c380bbcbf45bbcc701e34ea13609095b29d7e328d5223ce149bc', 0, '2021-01-17 07:41:50'),
('786fb9c4b7243ba91f915875e9a59b52b5dadaac2669a8f8148e03c3a0990911e12eb5d5a95379f6', '8a162942961c4e2d07e856d93a030c84e8ea049be9ab6d4d1b302fc398cc51cbc08b900aa756c071', 0, '2021-01-17 15:36:49'),
('7dfe646ffa4887248279fa9dd225f9794acbcb381cb3cc20d0f90aa937ed946b4ee07caf331941a3', '94602776eba2cd0876d04fcb31fa4e8c9705ad39a8500d460c98fa433d9a5471eb3c980ba4d541c4', 0, '2021-01-17 07:35:56'),
('7ef0ce1a854c04129456051c925d619cdb69012e785d019bf21676b5b5c1a57bfaa30c9b1871e316', '76482418554b383169dd5ea4cf6b9a03a0c6c07b460eb54ea73d6d397b074bf25dc83346265111b3', 0, '2021-01-16 19:29:55'),
('82f8ae6e6a629f2531736cb36babd196bf32a4a4be543b2b1a323acb3a8015d09434e067260e7f74', 'ff76d3d13c01d6bde596e641a6a4ff9707a4b3b492af7c61d1c416b1f39aa78490875df6782a310b', 0, '2021-01-17 07:40:20'),
('8309715d36080001751b1a3340d469344f9f03db0565d3dfb0753fff873feeea3ec06a9b71723789', 'e955dc0fbafadde6e779a14a382e16eb2db16d42b139aa7fc66ced3be786378b887b16a3bb40330c', 0, '2021-01-18 09:13:00'),
('8717db7cd347e4ab1d125857d49d61d518460f135d6b5c70afdbf8d68edc2805fcb54c292e665e37', 'e5b129f8934c52448a4908cd1eab2bfb4b7121f00f0e74d4c065a3c3b0117cec9550148fbdaf7879', 0, '2021-01-17 11:09:08'),
('8af3300a2b785ca4852cbb94ef902885e043e9dc7a25c57b000385d1ec8751da92656ecf85e26d88', 'e7be48a4943d4b1e7416d58d74f5161599c7e5d77b55d28bc8f050cb624ddc19d6be72b7cb3437a9', 0, '2021-01-18 05:47:45'),
('8c469446820c99486fa20082a55def10769a6a8d308c241840ada10c13a1fd62e1ef4e07ace8d896', 'e6cadbf0aff20dbcbe18c41c79df7b3d60e32ca83f1bdce44c5cd3a96d704bcf5c5a81e10535e970', 0, '2021-01-18 08:35:24'),
('945983bb552771bb2f722e23e72cc3042bcc0f01d491c5ca74abc1a84e61290037a0817bcd6b9ec3', 'e316f4e2483bcc990e664d71ca99ea2f63f4a36d163e1ee2646fb76b2488419089ed8c548ac2b60d', 0, '2021-01-18 05:46:00'),
('948a2598b0d3c6002b49eda2d5e912912548d527089cb0e4c2048e6b8c7ce2b40c9b8395aac7e672', 'f7f776f67e25fdd52daffbcf11c3ca32bfdf46d9b51e93df75d23d8d0cc4caad9bbb34007a65d794', 0, '2021-01-18 09:05:46'),
('958702b589d1ad7e849963f6e1f8aaf84a840e1566a2709b64f58dea8301326d8550f4d4d0cc7995', 'b45acd146cef1e6253197b8371874510a3694f9a0e9c4c6d10e71a94194ec4d7acd67522a70f7648', 0, '2021-01-18 08:16:44'),
('95b94578a1995b1a6c65c509a15fc09c512001b8486f0caa7d2c4035732b4da6cb30d91f3f23e82f', '5c4ed6481c5cc5ad586a957c9c7b0fa4a95c8871e088afc38b2f15369b88dfb5ba0dbfbd647e215d', 0, '2021-01-17 07:36:29'),
('95beae93ac71d2de06b7c8faa3766552f33f05fb633b2c09e8aad58ec1bc25191bf251217bce713a', '2b7aeaf1e6a75f1813e85edf1bdfd2f651d36112c0d90f166cd57f7e2e018d6bf3277663f7b6e078', 0, '2021-01-18 08:17:15'),
('97ad27ce9ba32a8ad8b4b6e12d942d23cddc5f73bf8bbcaacc87b0c99a17d426938c14333862a34e', '016f213d7527bc33454d78f7a1614fc4a5a6058a6906627c3a133bc53a5c46ffc6d063fa7aaa7a4f', 0, '2021-01-17 06:50:49'),
('98b46503620d443a822ddf931744344553bd5ca4878d6681782c3da413714596328dcc38e54d6a23', '7d538502c1e4d7881eb2aa13d9c3d799ce72df697a69c9c6bedbe3bbb091c0fe6bce689767c72064', 0, '2021-01-18 05:59:54'),
('98f15eb3a7dc99c773526ce6b2882c1b6deeb1a93f973cae054f676be8a1daf8fe3c77e530e5ac4c', 'a4caa59722e7c21c5ba9764205853b58fc7641bd5cb841a7ad0884cc5b854a99b8234329289d32c7', 0, '2021-01-17 07:32:08'),
('99f45b658a0c7a6a8e2f593f6f737477019404083e2779b871c287df593659bb8b449a00b349b896', 'a849280cd5e842b1b134d80fc154ce3a9b3c5eee5e69a34bf6695ae5c67c2fdeeba2a37774a0ca42', 0, '2021-01-18 09:03:58'),
('9a6a134553b7b07df61e9cac02fe98729bf7dfcc2824e19dc24b97e216fab20d72cd9a15a5c819b1', 'e3ee6d578983a404e11e7304e08b5811a449c52a3b771eb11626426b008537a67963ecc23b72d617', 0, '2021-01-17 11:10:04'),
('9ef2f3758901e730947bce3aa011d429b61006dc4a694cd249bed154a40800f796851ca658f4d06e', '2b3315e143c850a8e63dd9504527fe19aaf8014c189609ca32d61ca55170d624b1203983c42e1196', 0, '2021-01-17 12:18:13'),
('9f2ce78b07483458a1b49ed2468cc245640079328f16ee9256b0cd25e07388d676eb4c0b279709b2', '37f7568aed065345e5591af532dc0e8140f9af5f3230e7db37165c20caa3c1e7cfc5b99583c9c3fe', 0, '2021-01-18 05:59:14'),
('9fac803c3d5352d9883d53c28e7d25b99664aa2748c2a26635c814cfee950c2bde41026068ad5645', 'a4d516cfbdb949a30252e652ac393663a861fba017f684218b3c7aec33dca776fd526c79bb4df999', 0, '2021-01-16 19:25:27'),
('a0ab83244209ece3b210fd5cff1f02164fa35dc414e9169a7f176d45e63710ee1d629940bd3ae850', 'b1c524ebb503f071b4275d93e83783398527c659ebdfed2b60aa06cf4fed8cc4447c991c2a87020f', 0, '2021-01-17 12:07:35'),
('a2febfd4dd397281ac6edab11180a6cb3455f55acf596e633c6e2f9c088a0bb32bc0b18755bfb074', 'd8853ac587b743b8f5eb7e3a9cbd32553acc8e516614b3f19dc4c6b226a7c80c42bccfe402cdd45c', 0, '2021-01-17 07:44:30'),
('a3aac57c5cf140f0c502562d1bfbbb36f3d9066d284dc0b0a560e6753fd1d1e048e5e6cd863cd606', 'fb5fad9a2973ed4d4fb4e758f5ccd2ef13f50befc5ec048ed2c62300af0433041f8673e9b12c5102', 0, '2021-01-17 16:38:20'),
('a957e5eeca7d139b429f3bbf552c27f13bd64482627732046ba724c2573dbdecc5f47eca903d1b73', '21edfb74efa3414cee6b547a78a3d86262ceadc7ba9f655255448eaa3340fe22e40921fb7bb0523b', 0, '2021-01-18 08:48:13'),
('aa78e1c411238b0a81211cac5e7857c1c3a6cda967d7041b7fdc0dd70bf72e0fd7851e52f77384bc', '8f796c487c7d9d863c03cbd30ebc654dab8e64e3f80337ca48b9c5b1dc0e1003a8eb32678a9ca24b', 0, '2021-01-18 07:19:22'),
('ab851de73c34b6b60d73b29785b69774f72cb0c03bcc41474b7177aeed374e23cebd4e30c48e3d38', '88a991e320af981ab73eee75e1acc250107ca8f38f44a4b838bdb8aa301d7693133591fece8e35cc', 0, '2021-01-17 12:02:20'),
('aeaf2307041a0a11eedd2cf6962f6e9887169516085d1a1b155288e127118b2fc247b8ee99c7aeda', '6e29be38605118439fa950f7751a5feae3d2a8c701ec40046a9acf7291c26ac4052a422c9847ba01', 0, '2021-01-18 05:41:50'),
('aec79ac414a8627b16ba5251ac34083177268b6e722812a29b7f2406517418278a75e1a2b6059b55', 'b453bbb52ea6a0e80142cf97bef2d59912fd6f6bba378d55ae64d4c256b2a7962c9e7b3eea6ffc18', 0, '2021-01-17 07:43:51'),
('b31471fd98d0635512b7046b2f9f7ca6c25351bbcb0b64e111ac7f646bdc03919c8b990bd7a3d73d', '73bb2f08854c91c488821563a708d5dbd7d221c951917314c31d2c0a36568bc0610585042683f840', 0, '2021-01-18 09:05:35'),
('b52e0d76089aee221de7e858c7d6cbe063aa38c4f34e753c63ec0665426ab5224afcd549c24a2bfe', 'fac23777e05fe4c15842ed9393ca4db7dba937eed15ad39d0cbcfdcbfe274e0b9e956d653160a946', 0, '2021-01-18 09:00:14'),
('b7341ce7b580d191d26a48c96a2c538aad9a57c0f46c785430fb738ca9a761e7e1b1324a63026851', 'f1c7c9a877586c7a10ac928aaf6155a61840d639d2e5e1c44c4e6d182e6a149ad90238b63eba10b3', 0, '2021-01-16 19:28:06'),
('b7ff3404dd378731f91734054c2d758f99b0af71d396b3728ae0ed9209bcf723884da5938e8b9bfc', 'dd68cfdd09a5d5de43620e2ddc60df126283b2d01c88ed9c8d018b0cccb5589994695c7f32cdb501', 0, '2021-01-18 05:42:06'),
('b894afd0e3d98e9209537dd80e0e9b5f22ddf982d71c5acf47e63af28f5f798ffddb3d92700712c1', '38f6c98ee90d096547afce982406fc35f6d324958ed4db24795159e83dfd3f1c115dca10acdb9b81', 0, '2021-01-18 05:50:33'),
('ba41eda63500d97bb07c727ce26ce0f7751d1ed7ca2cf7a23af26b55f3140728cb7e21efd35ae984', '3e01a970613d9ee26fcf4497639386783a50f7cae92734d43cf3d45917566fe1a13e50ab4685903d', 0, '2021-01-18 08:37:55'),
('bdc916a1aa53e0f8206f6d328872b6e955a9d270ecb0da523a2f877f4bd661c66b99806840203630', '2d6586924ddf8e580e7e171eb5a6224fa78a4ac196239aa9d1d08db1035026de6ce2ccd118910b79', 0, '2021-01-17 12:38:59'),
('c099805574d43848ea86c06f158437185027feb84c3681e42c1bc5e209f1eb41e7c627437ac8c1b1', '5781db481d8605aec7c9ed13b33a336573b37decb2b23814c240a008ae0808a4b1eb0d25a678d027', 0, '2021-01-17 07:35:36'),
('c2cff619531b7a05a85ab72ffb30281edac0758122d22f6f0e415c2f1ffb112805d9d7ed2b5da000', '1ecd23352d43164056d5496197fe2312ee14b01395cd35646cfcb35a5b7d261f34b49271e33b1b3a', 0, '2021-01-17 09:55:50'),
('c2e6e8bb00fa758e070024afd69f2b490c387b53e8456fc74ceebf216c1def8cfc4fd3777adff8c7', '23b8352af825e4fdebec7bc5f3d27a164df1c06b74052efb0b6bd94737fc03f47c55bd5935a95e07', 0, '2021-01-17 04:38:36'),
('c48d99a7099b0d6b95bd8d8932108d2991dbfc19d3a0e2894ac7bb921aa37b292cef94fbcaf901f6', '28040a60f6d2c7ef46da563c0cb207ff1729382868684bcd6a862f48727c930cb2354bf3e52b7e12', 0, '2021-01-18 05:56:52'),
('c563c963f80db59ae87f74d5ce7b4147b3bf02d13d40bbc28ca3f297192b08fda3e0156d58e91756', 'a5f2a465b85c882fd8c9658755b0cfafa71e16ca5d95de81bf1efb63b17580433bb2524749217622', 0, '2021-01-18 05:52:37'),
('c5b2743da7f766dab0a27ebdd6bb0b003b5042cd18ae07174c5041832b45510f0f761f8d3eafda8a', '3be9ebe2b55e8ba9e80fbfcb1b585ce5b1e1c9d1a7d898832246ec790d814a4059e84ac4627b455b', 0, '2021-01-17 16:42:23'),
('c8da8b261e77043a6959e27deeb8571322585d4a29680fc5801aa41ab6498389f73311217473cc93', '03dab9b6f212207819955dbab64f85317c1e4d60f9febcb0b52a77d8ad23469ad4b31671580912f9', 0, '2021-01-18 08:42:04'),
('cbc362ca6e819ee4866d7a896d051797b599bd5f8f221ab574724cdefaf8b9104b1bd782cb7c59d0', 'f236d5d9c1edf9cc5f6dddba84578042efaadee91027a554117945e86bc0b58030be638ca66fc53d', 0, '2021-01-18 05:27:42'),
('cc3ab9d4f712c4fa3d510937ee6353722343ea845403c941db90e62042fedfd8b84698b38b52a4cf', 'bb1da4ef674934ea85a7d52657cc2612a62130d45cfc813b7233ec42a40e1be9059ea59b8d64b81b', 0, '2021-01-16 19:24:25'),
('ce5b5f4afad6b8fdf559c155416ed0c85560748c0f5c1533506e5d86cf6d648b2835fd1724828ad4', '525df600b59436ad36ac0e24745c3391f5673905a02023d2618b8d4d7c120dac871a48b5f9faa387', 0, '2021-01-17 12:04:47'),
('d223d2ba32dd6bf1586abd6b2cf5532aca5476566a246d0ba66a587f97100cdc987c84cd258a9d7f', 'a9541a67fe7a68b1f6cc64dca067b6d6f2da873707cc9a98e03c4097e47838f7a2c8b4af90efcc46', 0, '2021-01-17 10:44:48'),
('d3f12add2e43f8d37fe3577fe0a84a1e0084bbd2618746593070416693b92b8387dc76084a3f3826', '2d26db7a05c468883941899add4485b29e1d4ec6f4f5bb8412c4ba685d2577e5fd94715a560d83b6', 0, '2021-01-16 18:58:31'),
('d6f590ae9e21d7478fd2a5fcf3cd66284350e20e419dd88f97456e223d3169946898f33f49924f0d', 'a9f9bbd05cbae4f5593baa4c4f233d8d0ab2a425e9b08e8cc6a016dcd52a3b8629f37daef57348e2', 0, '2021-01-18 05:53:53'),
('d714f01402b7ac60f33232478f23c80054cf95e7f7d5b59a57d562d1e4fc98b8fd2000e1e83ed05f', '9041c145125a451d98935ec2cdd9ba651f04893f8f71a2c424fed880738cc07229176e708e2cd1d1', 0, '2021-01-18 09:03:54'),
('d759c3b0617ee8fb06ed14ab53c373efe0f2799b94a5092506197479eeb9bdc9af817b92b9ac39b2', '4f92f461a850a70ddd19ef2f17216dda532c750b3dc926ee76013e060226d42bf387a9e8bb66fbc5', 0, '2021-01-18 05:44:44'),
('d9325e13d807e8c35b0c4a7906c6eaffb9bcc1fc86e7a74b3d4d18a32f3d107fa41cfb1f7a8e8986', '88948b7d5345f0573b4cd6f344c6c01a4b26ab1292153efc029d315c2db8b61f8a8e9271d4014db6', 0, '2021-01-17 12:30:27'),
('de538ff96ac57446c91b0ec8fdfbda183f55811cb1a9c2efc59b58e361b163d85d67a076050c2ad6', '3ea4dce7502340e3a55ff100b1c5bac263b8475bbf2a437ea457dd2535736811666b17733a76df7d', 0, '2021-01-17 12:12:55'),
('e08d43f6acc53c05cb04db246a38ee3bca424699fcbb2d68367d5c22f057e1073fd6472b1d825ff8', '69cb1ae7fd36091debc949cfa83327ce8c81a43cb8ce5c0bed0de7f258e5522bc64f13c51e8bc7c1', 0, '2021-01-17 11:08:15'),
('e1495b000d4db68861b7502be5268592c2afa5ff0ff990dfc77f91087773f418c94920e593b667b0', '2c68c9dbe690cc4651d57e1333117806e9f5744d7e6f6c09d6b191f2ef10f088865852668848c5af', 0, '2021-01-18 05:50:59'),
('e28e915a9ce71b8b15c3a2be1e1a0a3999ba51010eb4cde8d70be75817d79b06e65c5d1affbe2ae4', '5a0e43ce33882254a949a963fa042f43881b503e1c6110dd16cae8584b405b4c3ad371cacc2bb5de', 0, '2021-01-18 05:55:01'),
('e6387269b41526f7edbce6ed62409e48fb88a304ebb4c36f60a59b1cdaab96d63aa26dce43a294d5', '31466d10b761e963a27186caab0c7fe1b63731c63e3e89c701413992bbab662e3cb19cbeefa48a57', 0, '2021-01-16 19:27:24'),
('eca93a4819add3144fa439d4be0b8d7c99524a8f80df378fbf3ba47db9f6d8b9549f43b96af15c81', '3d21ed90217c640c175bc3bdd98459a638c7efc602c3fee6e2f48d59d230396232271d425891aeb9', 0, '2021-01-17 16:36:38'),
('eda0420fa7b70df9cc1cfe7f59999aa9f5f90e56d9f4956af4ffe8262fe755f5b503113b4edb2bbb', '7aa49bf7bbac41826d4ebf634f0d42d0044cdff2eccd762ea4d415ac95f81dd5f42811e4794bf0e6', 0, '2021-01-18 09:50:34'),
('f00252568a6e88c2b41552b00ce0c0c619c8793c66ece51882943726c7c66be67736c9f3c7730328', 'eb224ea4c644ffdad5155246229b258312bf15cfd28ec20ce7b506f5667f2f5c5affc5dae211ac75', 0, '2021-01-18 08:42:49'),
('f0a9e43cfc3c65e9c58485e6ab5b66ba6e5ce6f285729b6bdfc24f0a75308ee9369b70e0eb672e53', '0b368175222e4ccecbb46513f28f74e667621de8d293905d73f339f3d4b642855010dbd0e931d490', 0, '2021-01-18 05:31:46'),
('f1b5435dca08aa343115a974152bc84caf031a7f5253c8dcabbf09275d7b52b3579ca7d05a6548f7', '95fdc686544182661cd827a330c432840737f79197773cf11425890753936fbe45651bc3839c9180', 0, '2021-01-18 08:18:04'),
('f443042aa2167652db762b056c6dbe2c0455dc2e38d109074c23658a2db63c3aace31681f00b46fc', '67937b5d00db361a0ba8996868142a3343205eb39c9492bb16d550c091d5bbfaa93c240916516908', 0, '2021-01-17 12:09:45'),
('f48b85822af87d8d64df56c147b08300ee19a1262db5088085d18e754337058bd7b9150252cdba4a', '3895856ded31e5678a2278c53d38859eb050c26f6a62544f18e9b9843aa725e5577d3fe3f01e79e2', 0, '2021-01-18 09:01:25'),
('f75448963d168687e98251c687af872a1d69edd6ecd971c703962e54fc98189024432344fb35e3ce', '0245e8581220da273326029298cf1dda4ec270da1a4aebc9e2a6a2f3368584ba80f79f478767e311', 0, '2021-01-18 05:31:15'),
('f984a2628e4179dbf294aacebe6367cb2e088cd1f35c8c2b6d679e4bc0e6bdf4c288371606758452', 'cbeaaaada95f414afe7be2f96527df70626af4e6bb7023c70e136802b782db3e09e723ab53b68947', 0, '2021-01-18 05:39:26'),
('fa7c1cefeedffc265d52416d0acc5d97422e15951e643cf7002b6c0695325b6649f4c954e1bbd2e3', '5a1f034a01d275763796b3556abdbbbcb749e8a35a907847cee15519c0a8552520397d15c3c7fe52', 0, '2021-01-18 08:56:16'),
('fed2300d5ce1da228e6ad1f7d24b4b40132eb8f152733ab0f6fb85e4aa6d60078b7eb5b91662b4ad', 'bc6254977cffd120f50730a9ad528ad9d950f207f45e7cf9da1e31fc248deaba0e0b7e8dc41dcaeb', 0, '2021-01-18 08:53:47'),
('ff66628cb74a452163942f02af0680713bdf6256db254f68c7fb41bab0308f308e4a026ef875f235', '585328b355c949d4f6f061ca58b2acd10ba1a2d317904eb09e9cd71d815db3dffa2b8342d80caaa9', 0, '2021-01-17 11:11:42');

-- --------------------------------------------------------

--
-- Table structure for table `password_resets`
--

CREATE TABLE `password_resets` (
  `email` varchar(255) COLLATE utf8mb4_unicode_ci NOT NULL,
  `token` varchar(255) COLLATE utf8mb4_unicode_ci NOT NULL,
  `created_at` timestamp NULL DEFAULT NULL
) ENGINE=InnoDB DEFAULT CHARSET=utf8mb4 COLLATE=utf8mb4_unicode_ci;

-- --------------------------------------------------------

--
-- Table structure for table `users`
--

CREATE TABLE `users` (
  `id` bigint(20) UNSIGNED NOT NULL,
  `name` varchar(255) COLLATE utf8mb4_unicode_ci NOT NULL,
  `email` varchar(255) COLLATE utf8mb4_unicode_ci NOT NULL,
  `role_id` int(11) NOT NULL,
  `email_verified_at` timestamp NULL DEFAULT NULL,
  `password` varchar(255) COLLATE utf8mb4_unicode_ci NOT NULL,
  `api_token` varchar(80) COLLATE utf8mb4_unicode_ci DEFAULT NULL,
  `remember_token` varchar(100) COLLATE utf8mb4_unicode_ci DEFAULT NULL,
  `created_at` timestamp NULL DEFAULT NULL,
  `updated_at` timestamp NULL DEFAULT NULL,
  `deleted_at` timestamp NULL DEFAULT NULL
) ENGINE=InnoDB DEFAULT CHARSET=utf8mb4 COLLATE=utf8mb4_unicode_ci;

--
-- Dumping data for table `users`
--

INSERT INTO `users` (`id`, `name`, `email`, `role_id`, `email_verified_at`, `password`, `api_token`, `remember_token`, `created_at`, `updated_at`, `deleted_at`) VALUES
(1, 'admin', 'admin@admin.com', 1, NULL, '$2y$10$vTJnVZjPGEA/YkWpcT18i.aki.7ss8EUdp10LoPT2ILTNlnjfzKg2', NULL, NULL, '2020-01-16 10:53:39', '2020-01-17 21:48:38', NULL);

--
-- Indexes for dumped tables
--

--
-- Indexes for table `categories`
--
ALTER TABLE `categories`
  ADD PRIMARY KEY (`id`);

--
-- Indexes for table `expenses`
--
ALTER TABLE `expenses`
  ADD PRIMARY KEY (`id`);

--
-- Indexes for table `failed_jobs`
--
ALTER TABLE `failed_jobs`
  ADD PRIMARY KEY (`id`);

--
-- Indexes for table `migrations`
--
ALTER TABLE `migrations`
  ADD PRIMARY KEY (`id`);

--
-- Indexes for table `oauth_access_tokens`
--
ALTER TABLE `oauth_access_tokens`
  ADD PRIMARY KEY (`id`),
  ADD KEY `oauth_access_tokens_user_id_index` (`user_id`);

--
-- Indexes for table `oauth_auth_codes`
--
ALTER TABLE `oauth_auth_codes`
  ADD PRIMARY KEY (`id`);

--
-- Indexes for table `oauth_clients`
--
ALTER TABLE `oauth_clients`
  ADD PRIMARY KEY (`id`),
  ADD KEY `oauth_clients_user_id_index` (`user_id`);

--
-- Indexes for table `oauth_personal_access_clients`
--
ALTER TABLE `oauth_personal_access_clients`
  ADD PRIMARY KEY (`id`),
  ADD KEY `oauth_personal_access_clients_client_id_index` (`client_id`);

--
-- Indexes for table `oauth_refresh_tokens`
--
ALTER TABLE `oauth_refresh_tokens`
  ADD PRIMARY KEY (`id`),
  ADD KEY `oauth_refresh_tokens_access_token_id_index` (`access_token_id`);

--
-- Indexes for table `password_resets`
--
ALTER TABLE `password_resets`
  ADD KEY `password_resets_email_index` (`email`);

--
-- Indexes for table `users`
--
ALTER TABLE `users`
  ADD PRIMARY KEY (`id`),
  ADD UNIQUE KEY `users_email_unique` (`email`),
  ADD UNIQUE KEY `users_api_token_unique` (`api_token`);

--
-- AUTO_INCREMENT for dumped tables
--

--
-- AUTO_INCREMENT for table `categories`
--
ALTER TABLE `categories`
  MODIFY `id` bigint(20) UNSIGNED NOT NULL AUTO_INCREMENT, AUTO_INCREMENT=6;

--
-- AUTO_INCREMENT for table `expenses`
--
ALTER TABLE `expenses`
  MODIFY `id` bigint(20) UNSIGNED NOT NULL AUTO_INCREMENT, AUTO_INCREMENT=35;

--
-- AUTO_INCREMENT for table `failed_jobs`
--
ALTER TABLE `failed_jobs`
  MODIFY `id` bigint(20) UNSIGNED NOT NULL AUTO_INCREMENT;

--
-- AUTO_INCREMENT for table `migrations`
--
ALTER TABLE `migrations`
  MODIFY `id` int(10) UNSIGNED NOT NULL AUTO_INCREMENT, AUTO_INCREMENT=14;

--
-- AUTO_INCREMENT for table `oauth_clients`
--
ALTER TABLE `oauth_clients`
  MODIFY `id` int(10) UNSIGNED NOT NULL AUTO_INCREMENT, AUTO_INCREMENT=3;

--
-- AUTO_INCREMENT for table `oauth_personal_access_clients`
--
ALTER TABLE `oauth_personal_access_clients`
  MODIFY `id` int(10) UNSIGNED NOT NULL AUTO_INCREMENT, AUTO_INCREMENT=2;

--
-- AUTO_INCREMENT for table `users`
--
ALTER TABLE `users`
  MODIFY `id` bigint(20) UNSIGNED NOT NULL AUTO_INCREMENT, AUTO_INCREMENT=16;
COMMIT;

/*!40101 SET CHARACTER_SET_CLIENT=@OLD_CHARACTER_SET_CLIENT */;
/*!40101 SET CHARACTER_SET_RESULTS=@OLD_CHARACTER_SET_RESULTS */;
/*!40101 SET COLLATION_CONNECTION=@OLD_COLLATION_CONNECTION */;
